{"R": 125.01741022109985, "G": 115.96424443206787, "B": 106.13963506393432}